{
  "temperature": {
    "min": 20.053831100463867,
    "max": 1460.6519775390625,
    "mean": 38.488006591796875,
    "std": 18.466205596923828
  },
  "power": {
    "min": 0.502770421504366,
    "max": 9.979970195943832,
    "mean": 2.799480451120948
  },
  "max_temps": {
    "min": 29.986322774549482,
    "max": 1460.6520338623393,
    "mean": 152.38462409218755
  },
  "complexity_distribution": {
    "simple": 600,
    "medium": 1000,
    "complex": 400
  },
  "input_channels": [
    "copper_density",
    "via_map",
    "component_map",
    "power_map"
  ],
  "num_samples": 2000,
  "splits": {
    "train": 1600,
    "val": 200,
    "test": 200
  }
}